Firm,State,Phone
Exp,"AK, AR, OK, MO",
New Life Realty,AL,
eList Realty,AL,888-841-0508
DSEAYCOM,"AL, MS",205-248-8373
EXIT REALTY YUMA,AZ,928-271-9700
Prestige Realty,AZ,480-593-8438
Desert Gateway Realty,AZ,480-550-9272
Robinson Realty & Management,AZ,702-208-5118
United Real Estate Mid-South,"AR, MS, TN",901.338.9814
ReMax Metro,CA,408-333-0333
ReMax All Pro,CA,661-945-9461
SkyGroup Realty Inc,CA,650-380-6364
Expert Real Estate & Investment,CA,562-861-4311
"eXp Realty of California, Inc",CA,559-250-3819
Guide Real Estate,CA,916-788-8815
San Diego Real Estate Connection,CA,619-990-3044
REMAX All Pro,CA,661-945-9461
Keller Williams Montecito/Santa Barbara,CA,805-689-9339
Apex Home Realty,DC,703-634-8887
Apex Home Realty,DC,
All prime realty inc,FL,561 914 1174
All Homes Realty,FL,954-840-2001
Realty Exchange LLC,FL,386-446-0017
Geri Westfall Real Estate,FL,386-677-0870
Murray Realty of Brevard Inc,FL,321-750-7116
Glory International Real Estate Co.,FL,386.717.7100
RealtyCity Inc,FL,863-438-6605
"Mia Realty, Corp",FL,305-878-9356
1st Global Realty,FL,386-916-1209
Capital Real Estate Solutions Inc,FL,786-472-6761
Pinnacle Real Estate Group,FL,561-309-2950
Exp realty,FL,239-340-9129
Orlando Reo Professionals,FL,407-704-6924
BAM Realty Advisors,FL,727-378-8585
Carter Company Realtors,FL,813-695-2498
Integrity Key Realty LLC,FL,904-477-0767
Metro Brokers Florida,FL,407-702-7195
"Results Real Estate, Inc.",FL,727-596-8181
Florida Homes Realty & Mortgage,FL,
The Shop Real Estate Co,"FL, GA, NC, SC, AL, CO, TX",
"Joy Real Estate , LLC","FL, GA",404-377-7472
Scott Realty Professionals,"FL, GA, SC",844-204-2373
"Beverly Ann Properties, LLC",GA,404 771-0281
Solutions First Realty,GA,678-508-3878
Stewart Brokers,GA,678-738-5667
Century 21 Riverside Realty,ID,
ReMax Classic,IL,815-784-2800
Chicago Realty Partners,IL,312-800-8380
Pearson Realty Group,IL,773-325-2800
Green Ivy Realty,IL,847-922-6898
Chicagoland Brokers,IL,847-366-7559
Century 21 Circle,IL,630-718-0424
Ryan Hill Group,IL,630-718-0424
BHG Realty,KY,270-302-3426
Keller Williams realty,MA,978-394-4489
"The Hunte Group, Inc",MA,617-694-9760
"Sullivan Real Estate, Inc",MA,860-738-1902
Four Points Realty,MA,508.232.6280
Foundation Brokerage Group,"MA, NH",800-983-1945
Westcott Properties,"MA, RI",401-421-5300
"Cantave Realty Group, Inc","MA, RI",617-510-0447
"Home Source Real Estate Solutions, Inc",MD,301-440-7226
212 Degrees Realty,MD,301-386-0008
Green Homes Realty,"MD, VA",703-236-0731 ext 301
Coldwell Banker,"MD, VA",202-465-2357
Apex Home Realty,"MD, VA",703-830-2525
ReMax First,MI,586-495-0010
Willingham Real Estate,MI,734-564-7471
Innovation Real Estate Specialists Inc,MI,810-650-4349
Bellabay Realty,MI,616-813-5522
"Realty Executives Main Street, LLC",MI,810.245.7653
REMAX,MI,313-283-2228
Vayntrub Group at REMAX Results,MN,612 250 5115
Gallery of Homes,MN,218-839-7700
Home 2 Home Properties INC DBA Home 2 Home Real Estate,MN,320-282-3919
Coldwell Banker Realty,MN,612-247-9842
NextHome MRES,"MN, WI",612-868-9344
Bartley Realty LLC,MO,816-294-1002
"Realty Platinum Professionals, Inc.",MO,816-525-2121
REO Xpress,MO,314-916-9116
Realty Executives,NC,
Referral realty US LLC,NC,
Wimberly Properties,NC,704-727-8263
Oak Leaf Properties of NC,NC,
Referral Realty US LLC,NC,919-242-9228
360 Realty,NC,336-965-7791
KMD Realty Inc,"NC, SC",704-312-2018
"Showcase Realty, LLC","NC, SC",704-997-3794
Weichert Realtors,"NC, VA",757-362-2199
JUDY A. FARRIS INC @ HOWARD HANNA REAL ESTATE SERVICES,"NC, VA",757-873-1113
Coldwell Banker Real Estate,NJ,201.585.3540
RE/MAX Select in North West New Jersey,NJ,973-818-7100
CENTURY 21 Alliance Realty,NJ,908 494 4611
Terra Partners,NJ,908-325-5300
Fast Track Real Estate Co,NJ,201-445-2000
Falciani Realty,NJ,856-692-8221
Keller Williams Realty,"NM, TX",
Liberty Chateau Realty,NY,347-506-0399
Liberty Chateau Realty,NY,347-506-0399
Robinson Realty & Management,NV,702-208-5118
Coldwell Banker Select Real Estate,NV,775-772-3032
Ai Brokers LLC,OH,800-933-1991
Realty Experts Inc,OK,405-417-7070
Omni Realty Group,OR,503.649.1000
Urbane Realty Group,OR,541-490-3139
Ai Brokers LLC,PA,800-933-1991
Re/Max Action,PA,
GenStone Realty,PA,484-460-1545
Heritage Estate Properties,PA,888-345-4556
Classic Real Estate of Chester County,PA,610-873-8800
Meridian Real Estate Group,PA,724-335-5681
Remax Flagship,RI,401-932-3613
Asset Real Estate,RI,860-443-4663
REMAX Advantage Group,SC,803 530 8807
Mackenzie Crabtree real estate,SC,404-458-7401
"Ouzts Realty Company, LLC",SC,803-366-7897
Dwell Real Estate Company,TN,615-417-0332
Webb Properties,TN,865-755-9668
"Coldwell Banker Conroy, Marable & Holleman",TN,931-801-3718
The Property Shoppe,TN,931-210-5999
Baymar Realty,TN,615-592-0894
Pace Probity Asset Management,TN,865-388-7131
Aplomb Real Estate,TX,214-450-7856
Luxely Real Estate,TX,832-434-4509
Durmoye Realty,TX,713-785-7070
HOMES R US INC,TX,214-418-6845
Aplomb Real Estate,TX,281-850-6536
Remax Signature,TX,713-824-1678
eList Realty,TX,888-841-0508
Burnette Real Estate Sales & Management,VA,540-951-2775
Better Homes and Gardens Native American Group,VA,757-495-5500
NextHome Metro Real Estate Services,WI,651-797-4219
REMAX Lakeside,WI,414-406-1840
