Servicer ID,Entity
713596,"WFL Homes, LLC"
713288,"Reliant Trust, Series FLC"
713606,"WFL Homes, LLC"
713378,"WFL Homes, LLC"
713233,"WFL Homes, LLC"
713709,"WFL Homes, LLC"
713617,"Reliant Trust, Series FLC"
713084,"WFL Homes, LLC"
713192,"WFL Homes, LLC"
713420,"Reliant Trust, Series FLC"
682572,"AFL Mortgage 2, LLC"
713167,"Reliant Trust, Series FLC"
713589,"WFL Homes, LLC"
713505,"Reliant Trust, Series FLC"
713170,"WFL Homes, LLC"
713079,"WFL Homes, LLC"
713723,"WFL Homes, LLC"
645746,"AFL Mortgage, LLC"
713417,"WFL Homes, LLC"
713710,"Reliant Trust, Series FLC"
713462,"WFL Homes, LLC"
713651,"WFL Homes, LLC"
713451,"WFL Homes, LLC"
713635,"WFL Homes, LLC"
2000023946,"AFL Mortgage, LLC"
682488,"AFL Mortgage 2, LLC"
627368,"AFL Mortgage, LLC"
713435,"Reliant Trust, Series FLC"
682673,"AFL Mortgage 2, LLC"
713273,"WFL Homes, LLC"
713228,"WFL Homes, LLC"
713475,"WFL Homes, LLC"
713147,"WFL Homes, LLC"
713675,"Reliant Trust, Series FLC"
713309,"WFL Homes, LLC"
713354,"WFL Homes, LLC"
713204,"WFL Homes, LLC"
713620,"WFL Homes, LLC"
713310,"WFL Homes, LLC"
713365,"WFL Homes, LLC"
713345,"WFL Homes, LLC"
713091,"WFL Homes, LLC"
713185,"WFL Homes, LLC"
713529,"WFL Homes, LLC"
713480,"WFL Homes, LLC"
713738,"WFL Homes, LLC"
713066,"WFL Homes, LLC"
713442,"WFL Homes, LLC"
626309,"AFL Mortgage, LLC"
2000026338,"AFL Mortgage, LLC"
713055,"WFL Homes, LLC"
713550,"WFL Homes, LLC"
682587,"AFL Mortgage 2, LLC"
713534,"Reliant Trust, Series FLC"
713390,"Reliant Trust, Series FLC"
713574,"Reliant Trust, Series FLC"
713642,"WFL Homes, LLC"
2000026344,"AFL Mortgage, LLC"
2000026358,"AFL Mortgage, LLC"
625764,"AFL Mortgage, LLC"
645551,"AFL Mortgage, LLC"
2000026439,"AFL Mortgage, LLC"
2000024162,"AFL Mortgage, LLC"
20001,"AFL Mortgage, LLC"
20002,"AFL Mortgage, LLC"
2000021539,"AFL Mortgage, LLC"
2000021892,"AFL Mortgage, LLC"
2000024782,"AFL Mortgage, LLC"
713125,"WFL Homes, LLC"
627313,"AFL Mortgage, LLC"
2000026291,"AFL Mortgage, LLC"
713215,"WFL Homes, LLC"
713516,"WFL Homes, LLC"
713338,"Reliant Trust, Series FLC"
627768,"AFL Mortgage, LLC"
2000023945,"AFL Mortgage, LLC"
713497,"Reliant Trust, Series FLC"
682659,"AFL Mortgage 2, LLC"
682495,"AFL Mortgage 2, LLC"
713156,"WFL Homes, LLC"
2000026442,"AFL Mortgage, LLC"
2000026321,"AFL Mortgage, LLC"
2000026274,"AFL Mortgage, LLC"
2000024780,"AFL Mortgage, LLC"
2000021924,"AFL Mortgage, LLC"
682503,"AFL Mortgage 2, LLC"
625474,"AFL Mortgage, LLC"
625441,"AFL Mortgage, LLC"
625337,"AFL Mortgage, LLC"
625708,"AFL Mortgage, LLC"
626204,"AFL Mortgage, LLC"
627371,"AFL Mortgage, LLC"
625900,"AFL Mortgage, LLC"
2000026354,"AFL Mortgage, LLC"
2000024783,"AFL Mortgage, LLC"
2000024158,"AFL Mortgage, LLC"
2000023949,"AFL Mortgage, LLC"
2000021919,"AFL Mortgage, LLC"
2000023947,"AFL Mortgage, LLC"
682363,"AFL Mortgage 2, LLC"
682532,"AFL Mortgage 2, LLC"
2000023939,"AFL Mortgage, LLC"
713383,"WFL Homes, LLC"
713697,"Reliant Trust, Series FLC"
713541,"Reliant Trust, Series FLC"
713662,"Reliant Trust, Series FLC"
2000021905,"AFL Mortgage, LLC"
713561,"Reliant Trust, Series FLC"
713101,"Reliant Trust, Series FLC"
625272,"AFL Mortgage, LLC"
2000026320,"AFL Mortgage, LLC"
2000023950,"AFL Mortgage, LLC"
2000039284,"AFL Mortgage 2, LLC"
713295,"WFL Homes, LLC"
682549,"AFL Mortgage 2, LLC"
713130,"WFL Homes, LLC"
682688,"AFL Mortgage 2, LLC"
713406,"WFL Homes, LLC"
682527,"AFL Mortgage 2, LLC"
2000039282,"AFL Mortgage 2, LLC"
682460,"AFL Mortgage 2, LLC"
713112,"Reliant Trust, Series FLC"
713259,"WFL Homes, LLC"
713680,"WFL Homes, LLC"
682569,"AFL Mortgage 2, LLC"
2000023938,"AFL Mortgage, LLC"
682594,"AFL Mortgage 2, LLC"
627881,"AFL Mortgage, LLC"
713240,"Reliant Trust, Series FLC"
713260,"WFL Homes, LLC"
2000025451,"AFL Mortgage, LLC"
713323,"WFL Homes, LLC"
682433,"AFL Mortgage 2, LLC"
644725,"AFL Mortgage, LLC"
627218,"AFL Mortgage, LLC"
682381,"AFL Mortgage 2, LLC"
682404,"AFL Mortgage 2, LLC"
682459,"AFL Mortgage 2, LLC"
682558,"AFL Mortgage 2, LLC"
682628,"AFL Mortgage 2, LLC"
682398,"AFL Mortgage 2, LLC"
682604,"AFL Mortgage 2, LLC"
682440,"AFL Mortgage 2, LLC"
682633,"AFL Mortgage 2, LLC"
682695,"AFL Mortgage 2, LLC"
682640,"AFL Mortgage 2, LLC"
682615,"AFL Mortgage 2, LLC"
9160079054,"AFL Mortgage, LLC"
9160078784,"AFL Mortgage, LLC"
9160078368,"AFL Mortgage, LLC"
9160079124,"AFL Mortgage, LLC"
626185,"AFL Mortgage, LLC"
645618,"AFL Mortgage, LLC"
9160079200,"AFL Mortgage, LLC"
626079,"AFL Mortgage, LLC"
9160078944,"AFL Mortgage, LLC"
7000139358,"AFL Mortgage, LLC"
7000194313,"AFL Mortgage, LLC"
9160078324,"AFL Mortgage, LLC"
9160079064,"AFL Mortgage, LLC"
645241,"AFL Mortgage, LLC"
7000138395,"AFL Mortgage, LLC"
7000207662,"AFL Mortgage, LLC"
9160078914,"AFL Mortgage, LLC"
2000028493,"AFL Mortgage, LLC"
626516,"AFL Mortgage, LLC"
646367,"AFL Mortgage, LLC"
7000139876,"AFL Mortgage, LLC"
9160078216,"AFL Mortgage, LLC"
7000135265,"AFL Mortgage, LLC"
644792,"AFL Mortgage, LLC"
645476,"AFL Mortgage, LLC"
645562,"AFL Mortgage, LLC"
645711,"AFL Mortgage, LLC"
644581,"AFL Mortgage, LLC"
7000135516,"AFL Mortgage, LLC"
7000181358,"AFL Mortgage, LLC"
7000191123,"AFL Mortgage, LLC"
645861,"AFL Mortgage, LLC"
9160078220,"AFL Mortgage, LLC"
7000131281,"AFL Mortgage, LLC"
7000178009,"AFL Mortgage, LLC"
645274,"AFL Mortgage, LLC"
9160079112,"AFL Mortgage, LLC"
7000196743,"AFL Mortgage, LLC"
7000197520,"AFL Mortgage, LLC"
9160079034,"AFL Mortgage, LLC"
9160079082,"AFL Mortgage, LLC"
7000141224,"AFL Mortgage, LLC"
9160078932,"AFL Mortgage, LLC"
626233,"AFL Mortgage, LLC"
627454,"AFL Mortgage, LLC"
627522,"AFL Mortgage, LLC"
626534,"AFL Mortgage, LLC"
627713,"AFL Mortgage, LLC"
626833,"AFL Mortgage, LLC"
627582,"AFL Mortgage, LLC"
2000026378,"AFL Mortgage, LLC"
626365,"AFL Mortgage, LLC"
2000026407,"AFL Mortgage, LLC"
644677,"AFL Mortgage, LLC"
646086,"AFL Mortgage, LLC"
2000026342,"AFL Mortgage, LLC"
2000026362,"AFL Mortgage, LLC"
646444,"AFL Mortgage, LLC"
626046,"AFL Mortgage, LLC"
626925,"AFL Mortgage, LLC"
627188,"AFL Mortgage, LLC"
644437,"AFL Mortgage, LLC"
644682,"AFL Mortgage, LLC"
627140,"AFL Mortgage, LLC"
644385,"AFL Mortgage, LLC"
626754,"AFL Mortgage, LLC"
2000026309,"AFL Mortgage, LLC"
646048,"AFL Mortgage, LLC"
7000079247,"AFL Mortgage, LLC"
644969,"AFL Mortgage, LLC"
645205,"AFL Mortgage, LLC"
2000026404,"AFL Mortgage, LLC"
644932,"AFL Mortgage, LLC"
626066,"AFL Mortgage, LLC"
625753,"AFL Mortgage, LLC"
626259,"AFL Mortgage, LLC"
626435,"AFL Mortgage, LLC"
626541,"AFL Mortgage, LLC"
626697,"AFL Mortgage, LLC"
626815,"AFL Mortgage, LLC"
627049,"AFL Mortgage, LLC"
625155,"AFL Mortgage, LLC"
627577,"AFL Mortgage, LLC"
627115,"AFL Mortgage, LLC"
2000026299,"AFL Mortgage, LLC"
2000026390,"AFL Mortgage, LLC"
2000026425,"AFL Mortgage, LLC"
625294,"AFL Mortgage, LLC"
626675,"AFL Mortgage, LLC"
627786,"AFL Mortgage, LLC"
625869,"AFL Mortgage, LLC"
626130,"AFL Mortgage, LLC"
626859,"AFL Mortgage, LLC"
627221,"AFL Mortgage, LLC"
627236,"AFL Mortgage, LLC"
627410,"AFL Mortgage, LLC"
627818,"AFL Mortgage, LLC"
644563,"AFL Mortgage, LLC"
625322,"AFL Mortgage, LLC"
626901,"AFL Mortgage, LLC"
645216,"AFL Mortgage, LLC"
2000026349,"AFL Mortgage, LLC"
2000026386,"AFL Mortgage, LLC"
2000026391,"AFL Mortgage, LLC"
2000026416,"AFL Mortgage, LLC"
2000026420,"AFL Mortgage, LLC"
673428,"AFL Mortgage, LLC"
2000026334,"AFL Mortgage, LLC"
2000026428,"AFL Mortgage, LLC"
2000026312,"AFL Mortgage, LLC"
2000026317,"AFL Mortgage, LLC"
2000026432,"AFL Mortgage, LLC"
645047,"AFL Mortgage, LLC"
2000026433,"AFL Mortgage, LLC"
645700,"AFL Mortgage, LLC"
673488,"AFL Mortgage, LLC"
2000026348,"AFL Mortgage, LLC"
2000026302,"AFL Mortgage, LLC"
2000026438,"AFL Mortgage, LLC"
9160078618,"AFL Mortgage, LLC"
9160078236,"AFL Mortgage, LLC"
2000021907,"AFL Mortgage, LLC"
9160078256,"AFL Mortgage, LLC"
9160078454,"AFL Mortgage, LLC"
2000021912,"AFL Mortgage, LLC"
2000021930,"AFL Mortgage, LLC"
625382,"AFL Mortgage, LLC"
9160078622,"AFL Mortgage, LLC"
9160078942,"AFL Mortgage, LLC"
2000026343,"AFL Mortgage, LLC"
625641,"AFL Mortgage, LLC"
9160078816,"AFL Mortgage, LLC"
625616,"AFL Mortgage, LLC"
2000026403,"AFL Mortgage, LLC"
625737,"AFL Mortgage, LLC"
625814,"AFL Mortgage, LLC"
626055,"AFL Mortgage, LLC"
626170,"AFL Mortgage, LLC"
2000026370,"AFL Mortgage, LLC"
645739,"AFL Mortgage, LLC"
2000026269,"AFL Mortgage, LLC"
645436,"AFL Mortgage, LLC"
2000026305,"AFL Mortgage, LLC"
625184,"AFL Mortgage, LLC"
625605,"AFL Mortgage, LLC"
626000,"AFL Mortgage, LLC"
625399,"AFL Mortgage, LLC"
626147,"AFL Mortgage, LLC"
626790,"AFL Mortgage, LLC"
627537,"AFL Mortgage, LLC"
626617,"AFL Mortgage, LLC"
627094,"AFL Mortgage, LLC"
627276,"AFL Mortgage, LLC"
627445,"AFL Mortgage, LLC"
644419,"AFL Mortgage, LLC"
645663,"AFL Mortgage, LLC"
646103,"AFL Mortgage, LLC"
646330,"AFL Mortgage, LLC"
627731,"AFL Mortgage, LLC"
645234,"AFL Mortgage, LLC"
645324,"AFL Mortgage, LLC"
646521,"AFL Mortgage, LLC"
626992,"AFL Mortgage, LLC"
626745,"AFL Mortgage, LLC"
2000026379,"AFL Mortgage, LLC"
625227,"AFL Mortgage, LLC"
626804,"AFL Mortgage, LLC"
627465,"AFL Mortgage, LLC"
645784,"AFL Mortgage, LLC"
2000026388,"AFL Mortgage, LLC"
2000026393,"AFL Mortgage, LLC"
2000026400,"AFL Mortgage, LLC"
2000026405,"AFL Mortgage, LLC"
2000026413,"AFL Mortgage, LLC"
2000026427,"AFL Mortgage, LLC"
2000026429,"AFL Mortgage, LLC"
625258,"AFL Mortgage, LLC"
626383,"AFL Mortgage, LLC"
2000026377,"AFL Mortgage, LLC"
2000026399,"AFL Mortgage, LLC"
2000026401,"AFL Mortgage, LLC"
625416,"AFL Mortgage, LLC"
644785,"AFL Mortgage, LLC"
644806,"AFL Mortgage, LLC"
644820,"AFL Mortgage, LLC"
644958,"AFL Mortgage, LLC"
645085,"AFL Mortgage, LLC"
644875,"AFL Mortgage, LLC"
644949,"AFL Mortgage, LLC"
645025,"AFL Mortgage, LLC"
645067,"AFL Mortgage, LLC"
645102,"AFL Mortgage, LLC"
645113,"AFL Mortgage, LLC"
645168,"AFL Mortgage, LLC"
645481,"AFL Mortgage, LLC"
645157,"AFL Mortgage, LLC"
645171,"AFL Mortgage, LLC"
645339,"AFL Mortgage, LLC"
645346,"AFL Mortgage, LLC"
645366,"AFL Mortgage, LLC"
645379,"AFL Mortgage, LLC"
2000028496,"AFL Mortgage, LLC"
2000024161,"AFL Mortgage, LLC"
2000028491,"AFL Mortgage, LLC"
1410102986,"AFL Mortgage, LLC"
2000026376,"AFL Mortgage, LLC"
645012,"AFL Mortgage, LLC"
2000026417,"AFL Mortgage, LLC"
2000026385,"AFL Mortgage, LLC"
2000026402,"AFL Mortgage, LLC"
2000026415,"AFL Mortgage, LLC"
625966,"AFL Mortgage, LLC"
2000026304,"AFL Mortgage, LLC"
645030,"AFL Mortgage, LLC"
646477,"AFL Mortgage, LLC"
645542,"AFL Mortgage, LLC"
2000026374,"AFL Mortgage, LLC"
645391,"AFL Mortgage, LLC"
2000026373,"AFL Mortgage, LLC"
2000026423,"AFL Mortgage, LLC"
2000026284,"AFL Mortgage, LLC"
2000026394,"AFL Mortgage, LLC"
2000026395,"AFL Mortgage, LLC"
2000026412,"AFL Mortgage, LLC"
627072,"AFL Mortgage, LLC"
627104,"AFL Mortgage, LLC"
627195,"AFL Mortgage, LLC"
627207,"AFL Mortgage, LLC"
627243,"AFL Mortgage, LLC"
627128,"AFL Mortgage, LLC"
627173,"AFL Mortgage, LLC"
627252,"AFL Mortgage, LLC"
627263,"AFL Mortgage, LLC"
627326,"AFL Mortgage, LLC"
627331,"AFL Mortgage, LLC"
627393,"AFL Mortgage, LLC"
627409,"AFL Mortgage, LLC"
627423,"AFL Mortgage, LLC"
627438,"AFL Mortgage, LLC"
627490,"AFL Mortgage, LLC"
627508,"AFL Mortgage, LLC"
627519,"AFL Mortgage, LLC"
627564,"AFL Mortgage, LLC"
627610,"AFL Mortgage, LLC"
627623,"AFL Mortgage, LLC"
627553,"AFL Mortgage, LLC"
627599,"AFL Mortgage, LLC"
627609,"AFL Mortgage, LLC"
627638,"AFL Mortgage, LLC"
627748,"AFL Mortgage, LLC"
627807,"AFL Mortgage, LLC"
627683,"AFL Mortgage, LLC"
627771,"AFL Mortgage, LLC"
627757,"AFL Mortgage, LLC"
627645,"AFL Mortgage, LLC"
627793,"AFL Mortgage, LLC"
627852,"AFL Mortgage, LLC"
627904,"AFL Mortgage, LLC"
644068,"AFL Mortgage, LLC"
627843,"AFL Mortgage, LLC"
627863,"AFL Mortgage, LLC"
627898,"AFL Mortgage, LLC"
644206,"AFL Mortgage, LLC"
644275,"AFL Mortgage, LLC"
644392,"AFL Mortgage, LLC"
644576,"AFL Mortgage, LLC"
644598,"AFL Mortgage, LLC"
644619,"AFL Mortgage, LLC"
644297,"AFL Mortgage, LLC"
644301,"AFL Mortgage, LLC"
644444,"AFL Mortgage, LLC"
644637,"AFL Mortgage, LLC"
644756,"AFL Mortgage, LLC"
644701,"AFL Mortgage, LLC"
644712,"AFL Mortgage, LLC"
2000026311,"AFL Mortgage, LLC"
2000026325,"AFL Mortgage, LLC"
2000026326,"AFL Mortgage, LLC"
2000026332,"AFL Mortgage, LLC"
644767,"AFL Mortgage, LLC"
644770,"AFL Mortgage, LLC"
2000026351,"AFL Mortgage, LLC"
627302,"AFL Mortgage, LLC"
2000026337,"AFL Mortgage, LLC"
2000026353,"AFL Mortgage, LLC"
627087,"AFL Mortgage, LLC"
627160,"AFL Mortgage, LLC"
627357,"AFL Mortgage, LLC"
627386,"AFL Mortgage, LLC"
644543,"AFL Mortgage, LLC"
627483,"AFL Mortgage, LLC"
627544,"AFL Mortgage, LLC"
627821,"AFL Mortgage, LLC"
644242,"AFL Mortgage, LLC"
644347,"AFL Mortgage, LLC"
644622,"AFL Mortgage, LLC"
644653,"AFL Mortgage, LLC"
644880,"AFL Mortgage, LLC"
645902,"AFL Mortgage, LLC"
644903,"AFL Mortgage, LLC"
644987,"AFL Mortgage, LLC"
645300,"AFL Mortgage, LLC"
645766,"AFL Mortgage, LLC"
646057,"AFL Mortgage, LLC"
646194,"AFL Mortgage, LLC"
626680,"AFL Mortgage, LLC"
645498,"AFL Mortgage, LLC"
645517,"AFL Mortgage, LLC"
645520,"AFL Mortgage, LLC"
645636,"AFL Mortgage, LLC"
645834,"AFL Mortgage, LLC"
645889,"AFL Mortgage, LLC"
645779,"AFL Mortgage, LLC"
645643,"AFL Mortgage, LLC"
645652,"AFL Mortgage, LLC"
645841,"AFL Mortgage, LLC"
645850,"AFL Mortgage, LLC"
645896,"AFL Mortgage, LLC"
645926,"AFL Mortgage, LLC"
645968,"AFL Mortgage, LLC"
645986,"AFL Mortgage, LLC"
645993,"AFL Mortgage, LLC"
646026,"AFL Mortgage, LLC"
646031,"AFL Mortgage, LLC"
646071,"AFL Mortgage, LLC"
646149,"AFL Mortgage, LLC"
646127,"AFL Mortgage, LLC"
646132,"AFL Mortgage, LLC"
646158,"AFL Mortgage, LLC"
646169,"AFL Mortgage, LLC"
646242,"AFL Mortgage, LLC"
646251,"AFL Mortgage, LLC"
646280,"AFL Mortgage, LLC"
646301,"AFL Mortgage, LLC"
646312,"AFL Mortgage, LLC"
646347,"AFL Mortgage, LLC"
646356,"AFL Mortgage, LLC"
646370,"AFL Mortgage, LLC"
646422,"AFL Mortgage, LLC"
646482,"AFL Mortgage, LLC"
646536,"AFL Mortgage, LLC"
627159,"AFL Mortgage, LLC"
646518,"AFL Mortgage, LLC"
656850,"AFL Mortgage, LLC"
673433,"AFL Mortgage, LLC"
673440,"AFL Mortgage, LLC"
673459,"AFL Mortgage, LLC"
673460,"AFL Mortgage, LLC"
627478,"AFL Mortgage, LLC"
627915,"AFL Mortgage, LLC"
644220,"AFL Mortgage, LLC"
627665,"AFL Mortgage, LLC"
627726,"AFL Mortgage, LLC"
644103,"AFL Mortgage, LLC"
644132,"AFL Mortgage, LLC"
644370,"AFL Mortgage, LLC"
645126,"AFL Mortgage, LLC"
644464,"AFL Mortgage, LLC"
644608,"AFL Mortgage, LLC"
644851,"AFL Mortgage, LLC"
645092,"AFL Mortgage, LLC"
645289,"AFL Mortgage, LLC"
645384,"AFL Mortgage, LLC"
645580,"AFL Mortgage, LLC"
645607,"AFL Mortgage, LLC"
2000026289,"AFL Mortgage, LLC"
2000026350,"AFL Mortgage, LLC"
2000026365,"AFL Mortgage, LLC"
645913,"AFL Mortgage, LLC"
646002,"AFL Mortgage, LLC"
646392,"AFL Mortgage, LLC"
646507,"AFL Mortgage, LLC"
673415,"AFL Mortgage, LLC"
626765,"AFL Mortgage, LLC"
626635,"AFL Mortgage, LLC"
2000026292,"AFL Mortgage, LLC"
2000026294,"AFL Mortgage, LLC"
2000026300,"AFL Mortgage, LLC"
2000026301,"AFL Mortgage, LLC"
2000026306,"AFL Mortgage, LLC"
626738,"AFL Mortgage, LLC"
626930,"AFL Mortgage, LLC"
626985,"AFL Mortgage, LLC"
626778,"AFL Mortgage, LLC"
626840,"AFL Mortgage, LLC"
626860,"AFL Mortgage, LLC"
626888,"AFL Mortgage, LLC"
626895,"AFL Mortgage, LLC"
626947,"AFL Mortgage, LLC"
627014,"AFL Mortgage, LLC"
625353,"AFL Mortgage, LLC"
625429,"AFL Mortgage, LLC"
625434,"AFL Mortgage, LLC"
625689,"AFL Mortgage, LLC"
625849,"AFL Mortgage, LLC"
626084,"AFL Mortgage, LLC"
626378,"AFL Mortgage, LLC"
627027,"AFL Mortgage, LLC"
625858,"AFL Mortgage, LLC"
626662,"AFL Mortgage, LLC"
625269,"AFL Mortgage, LLC"
625450,"AFL Mortgage, LLC"
625461,"AFL Mortgage, LLC"
626420,"AFL Mortgage, LLC"
626642,"AFL Mortgage, LLC"
627058,"AFL Mortgage, LLC"
2000026281,"AFL Mortgage, LLC"
2000026330,"AFL Mortgage, LLC"
2000026363,"AFL Mortgage, LLC"
646437,"AFL Mortgage, LLC"
656861,"AFL Mortgage, LLC"
2000026288,"AFL Mortgage, LLC"
2000026290,"AFL Mortgage, LLC"
2000026293,"AFL Mortgage, LLC"
2000026295,"AFL Mortgage, LLC"
2000026296,"AFL Mortgage, LLC"
2000026297,"AFL Mortgage, LLC"
2000026298,"AFL Mortgage, LLC"
2000026308,"AFL Mortgage, LLC"
2000026313,"AFL Mortgage, LLC"
2000026322,"AFL Mortgage, LLC"
2000026328,"AFL Mortgage, LLC"
2000026331,"AFL Mortgage, LLC"
2000026339,"AFL Mortgage, LLC"
2000026359,"AFL Mortgage, LLC"
2000026361,"AFL Mortgage, LLC"
625249,"AFL Mortgage, LLC"
625214,"AFL Mortgage, LLC"
2000026371,"AFL Mortgage, LLC"
625179,"AFL Mortgage, LLC"
625191,"AFL Mortgage, LLC"
625308,"AFL Mortgage, LLC"
625319,"AFL Mortgage, LLC"
625489,"AFL Mortgage, LLC"
625504,"AFL Mortgage, LLC"
625377,"AFL Mortgage, LLC"
625405,"AFL Mortgage, LLC"
625515,"AFL Mortgage, LLC"
625719,"AFL Mortgage, LLC"
625540,"AFL Mortgage, LLC"
625559,"AFL Mortgage, LLC"
625573,"AFL Mortgage, LLC"
625595,"AFL Mortgage, LLC"
625634,"AFL Mortgage, LLC"
625744,"AFL Mortgage, LLC"
625939,"AFL Mortgage, LLC"
625832,"AFL Mortgage, LLC"
625799,"AFL Mortgage, LLC"
625872,"AFL Mortgage, LLC"
625887,"AFL Mortgage, LLC"
625924,"AFL Mortgage, LLC"
625946,"AFL Mortgage, LLC"
626156,"AFL Mortgage, LLC"
626091,"AFL Mortgage, LLC"
625955,"AFL Mortgage, LLC"
625979,"AFL Mortgage, LLC"
625984,"AFL Mortgage, LLC"
625991,"AFL Mortgage, LLC"
626125,"AFL Mortgage, LLC"
626192,"AFL Mortgage, LLC"
626295,"AFL Mortgage, LLC"
626338,"AFL Mortgage, LLC"
626215,"AFL Mortgage, LLC"
626228,"AFL Mortgage, LLC"
626240,"AFL Mortgage, LLC"
626260,"AFL Mortgage, LLC"
626273,"AFL Mortgage, LLC"
626310,"AFL Mortgage, LLC"
626354,"AFL Mortgage, LLC"
626390,"AFL Mortgage, LLC"
625166,"AFL Mortgage, LLC"
625287,"AFL Mortgage, LLC"
626417,"AFL Mortgage, LLC"
626442,"AFL Mortgage, LLC"
626451,"AFL Mortgage, LLC"
626589,"AFL Mortgage, LLC"
626620,"AFL Mortgage, LLC"
627654,"AFL Mortgage, LLC"
625496,"AFL Mortgage, LLC"
627348,"AFL Mortgage, LLC"
2000026397,"AFL Mortgage, LLC"
2000026408,"AFL Mortgage, LLC"
2000026409,"AFL Mortgage, LLC"
2000026424,"AFL Mortgage, LLC"
2000026435,"AFL Mortgage, LLC"
2000026440,"AFL Mortgage, LLC"
650601,"AFL Mortgage 2, LLC"
644482,"AFL Mortgage, LLC"
644507,"AFL Mortgage, LLC"
627836,"AFL Mortgage, LLC"
644521,"AFL Mortgage, LLC"
644477,"AFL Mortgage, LLC"
644536,"AFL Mortgage, LLC"
644842,"AFL Mortgage, LLC"
644927,"AFL Mortgage, LLC"
2000028494,"AFL Mortgage, LLC"
2000021537,"AFL Mortgage, LLC"
650612,"AFL Mortgage 2, LLC"
650630,"AFL Mortgage 2, LLC"
650647,"AFL Mortgage 2, LLC"
2000028492,"AFL Mortgage, LLC"
2000028495,"AFL Mortgage, LLC"
2000029568,"AFL Mortgage, LLC"
2000039283,"AFL Mortgage 2, LLC"
626345,"AFL Mortgage, LLC"
626112,"AFL Mortgage, LLC"
20003,"AFL Mortgage, LLC"
626101,"AFL Mortgage, LLC"
626574,"AFL Mortgage, LLC"
626596,"AFL Mortgage, LLC"
626606,"AFL Mortgage, LLC"
626550,"AFL Mortgage, LLC"
626783,"AFL Mortgage, LLC"
627069,"AFL Mortgage, LLC"
645418,"AFL Mortgage, LLC"
626912,"AFL Mortgage, LLC"
626956,"AFL Mortgage, LLC"
626970,"AFL Mortgage, LLC"
627003,"AFL Mortgage, LLC"
625650,"AFL Mortgage, LLC"
625232,"AFL Mortgage, LLC"
646206,"AFL Mortgage, LLC"
625674,"AFL Mortgage, LLC"
645676,"AFL Mortgage, LLC"
626723,"AFL Mortgage, LLC"
644664,"AFL Mortgage, LLC"
644730,"AFL Mortgage, LLC"
645229,"AFL Mortgage, LLC"
626167,"AFL Mortgage, LLC"
626323,"AFL Mortgage, LLC"
625203,"AFL Mortgage, LLC"
625344,"AFL Mortgage, LLC"
645131,"AFL Mortgage, LLC"
645698,"AFL Mortgage, LLC"
646408,"AFL Mortgage, LLC"
673473,"AFL Mortgage, LLC"
626024,"AFL Mortgage, LLC"
626288,"AFL Mortgage, LLC"
625364,"AFL Mortgage, LLC"
625528,"AFL Mortgage, LLC"
625560,"AFL Mortgage, LLC"
625588,"AFL Mortgage, LLC"
625696,"AFL Mortgage, LLC"
2000026426,"AFL Mortgage, LLC"
626011,"AFL Mortgage, LLC"
644972,"AFL Mortgage, LLC"
2000026273,"AFL Mortgage, LLC"
2000026356,"AFL Mortgage, LLC"
2000026392,"AFL Mortgage, LLC"
2000026324,"AFL Mortgage, LLC"
2000026383,"AFL Mortgage, LLC"
2000026387,"AFL Mortgage, LLC"
626462,"AFL Mortgage, LLC"
626561,"AFL Mortgage, LLC"
625722,"AFL Mortgage, LLC"
626529,"AFL Mortgage, LLC"
625777,"AFL Mortgage, LLC"
645575,"AFL Mortgage, LLC"
645597,"AFL Mortgage, LLC"
645681,"AFL Mortgage, LLC"
2000026303,"AFL Mortgage, LLC"
2000026315,"AFL Mortgage, LLC"
2000026318,"AFL Mortgage, LLC"
2000026319,"AFL Mortgage, LLC"
645805,"AFL Mortgage, LLC"
645816,"AFL Mortgage, LLC"
645829,"AFL Mortgage, LLC"
645874,"AFL Mortgage, LLC"
7000123488,"AFL Mortgage, LLC"
2000026329,"AFL Mortgage, LLC"
644897,"AFL Mortgage, LLC"
2000026341,"AFL Mortgage, LLC"
2000026346,"AFL Mortgage, LLC"
2000026372,"AFL Mortgage, LLC"
2000026380,"AFL Mortgage, LLC"
2000026381,"AFL Mortgage, LLC"
2000026382,"AFL Mortgage, LLC"
2000026396,"AFL Mortgage, LLC"
7000231979,"AFL Mortgage, LLC"
7000232067,"AFL Mortgage, LLC"
7000241369,"AFL Mortgage, LLC"
7000228610,"AFL Mortgage, LLC"
7000213501,"AFL Mortgage, LLC"
7000228608,"AFL Mortgage, LLC"
7000234099,"AFL Mortgage, LLC"
7000125471,"AFL Mortgage, LLC"
2000026310,"AFL Mortgage, LLC"
625533,"AFL Mortgage, LLC"
625661,"AFL Mortgage, LLC"
645407,"AFL Mortgage, LLC"
7000125422,"AFL Mortgage, LLC"
626480,"AFL Mortgage, LLC"
627281,"AFL Mortgage, LLC"
644251,"AFL Mortgage, LLC"
645463,"AFL Mortgage, LLC"
626967,"AFL Mortgage, LLC"
644048,"AFL Mortgage, LLC"
644312,"AFL Mortgage, LLC"
645001,"AFL Mortgage, LLC"
645056,"AFL Mortgage, LLC"
645186,"AFL Mortgage, LLC"
645250,"AFL Mortgage, LLC"
645296,"AFL Mortgage, LLC"
645311,"AFL Mortgage, LLC"
645355,"AFL Mortgage, LLC"
645452,"AFL Mortgage, LLC"
645421,"AFL Mortgage, LLC"
645443,"AFL Mortgage, LLC"
645506,"AFL Mortgage, LLC"
645621,"AFL Mortgage, LLC"
645724,"AFL Mortgage, LLC"
645755,"AFL Mortgage, LLC"
2000026268,"AFL Mortgage, LLC"
2000026272,"AFL Mortgage, LLC"
2000026276,"AFL Mortgage, LLC"
2000026282,"AFL Mortgage, LLC"
2000026307,"AFL Mortgage, LLC"
2000026333,"AFL Mortgage, LLC"
645791,"AFL Mortgage, LLC"
645931,"AFL Mortgage, LLC"
2000026367,"AFL Mortgage, LLC"
2000026277,"AFL Mortgage, LLC"
2000026336,"AFL Mortgage, LLC"
2000026352,"AFL Mortgage, LLC"
2000026411,"AFL Mortgage, LLC"
2000026419,"AFL Mortgage, LLC"
2000026422,"AFL Mortgage, LLC"
2000026368,"AFL Mortgage, LLC"
2000026283,"AFL Mortgage, LLC"
2000026314,"AFL Mortgage, LLC"
2000026345,"AFL Mortgage, LLC"
2000026355,"AFL Mortgage, LLC"
2000026360,"AFL Mortgage, LLC"
2000026369,"AFL Mortgage, LLC"
2000026384,"AFL Mortgage, LLC"
626497,"AFL Mortgage, LLC"
626709,"AFL Mortgage, LLC"
627133,"AFL Mortgage, LLC"
625146,"AFL Mortgage, LLC"
625629,"AFL Mortgage, LLC"
2000026414,"AFL Mortgage, LLC"
2000026421,"AFL Mortgage, LLC"
2000026431,"AFL Mortgage, LLC"
2000026441,"AFL Mortgage, LLC"
644367,"AFL Mortgage, LLC"
644862,"AFL Mortgage, LLC"
644914,"AFL Mortgage, LLC"
644994,"AFL Mortgage, LLC"
645148,"AFL Mortgage, LLC"
645193,"AFL Mortgage, LLC"
645261,"AFL Mortgage, LLC"
645535,"AFL Mortgage, LLC"
2000026285,"AFL Mortgage, LLC"
2000026286,"AFL Mortgage, LLC"
2000026275,"AFL Mortgage, LLC"
2000026280,"AFL Mortgage, LLC"
2000026287,"AFL Mortgage, LLC"
644172,"AFL Mortgage, LLC"
644262,"AFL Mortgage, LLC"
644280,"AFL Mortgage, LLC"
644325,"AFL Mortgage, LLC"
644330,"AFL Mortgage, LLC"
644422,"AFL Mortgage, LLC"
644644,"AFL Mortgage, LLC"
644699,"AFL Mortgage, LLC"
644835,"AFL Mortgage, LLC"
645971,"AFL Mortgage, LLC"
646013,"AFL Mortgage, LLC"
2000026335,"AFL Mortgage, LLC"
2000026398,"AFL Mortgage, LLC"
2000026410,"AFL Mortgage, LLC"
2000026434,"AFL Mortgage, LLC"
2000026436,"AFL Mortgage, LLC"
646068,"AFL Mortgage, LLC"
646114,"AFL Mortgage, LLC"
646172,"AFL Mortgage, LLC"
646543,"AFL Mortgage, LLC"
2000026389,"AFL Mortgage, LLC"
9160078160,"AFL Mortgage, LLC"
9160079078,"AFL Mortgage, LLC"
2000026437,"AFL Mortgage, LLC"
9160078554,"AFL Mortgage, LLC"
2000026271,"AFL Mortgage, LLC"
2000026279,"AFL Mortgage, LLC"
2000026323,"AFL Mortgage, LLC"
2000026340,"AFL Mortgage, LLC"
2000023941,"AFL Mortgage, LLC"
2000023948,"AFL Mortgage, LLC"
2000023937,"AFL Mortgage, LLC"
9160079120,"AFL Mortgage, LLC"
2000023942,"AFL Mortgage, LLC"
2000023944,"AFL Mortgage, LLC"
2000023943,"AFL Mortgage, LLC"
2000023954,"AFL Mortgage, LLC"
2000023953,"AFL Mortgage, LLC"
2000023940,"AFL Mortgage, LLC"
2000024164,"AFL Mortgage, LLC"
2000024159,"AFL Mortgage, LLC"
20006,"AFL Mortgage, LLC"
2000024163,"AFL Mortgage, LLC"
20004,"AFL Mortgage, LLC"
2000023935,"AFL Mortgage, LLC"
2000023951,"AFL Mortgage, LLC"
20005,"AFL Mortgage, LLC"
2000024781,"AFL Mortgage, LLC"
2000024784,"AFL Mortgage, LLC"
2000025449,"AFL Mortgage, LLC"
2000021901,"AFL Mortgage, LLC"
2000021902,"AFL Mortgage, LLC"
2000021910,"AFL Mortgage, LLC"
2000021928,"AFL Mortgage, LLC"
646187,"AFL Mortgage, LLC"
646220,"AFL Mortgage, LLC"
646235,"AFL Mortgage, LLC"
7000231702,"AFL Mortgage, LLC"
2000021932,"AFL Mortgage, LLC"
7000231870,"AFL Mortgage, LLC"
7000234975,"AFL Mortgage, LLC"
7000233810,"AFL Mortgage, LLC"
7000233979,"AFL Mortgage, LLC"
7000235540,"AFL Mortgage, LLC"
7000241268,"AFL Mortgage, LLC"
625803,"AFL Mortgage, LLC"
625911,"AFL Mortgage, LLC"
626406,"AFL Mortgage, LLC"
626505,"AFL Mortgage, LLC"
626710,"AFL Mortgage, LLC"
626873,"AFL Mortgage, LLC"
627298,"AFL Mortgage, LLC"
627678,"AFL Mortgage, LLC"
627702,"AFL Mortgage, LLC"
627876,"AFL Mortgage, LLC"
644114,"AFL Mortgage, LLC"
644127,"AFL Mortgage, LLC"
644149,"AFL Mortgage, LLC"
644158,"AFL Mortgage, LLC"
644169,"AFL Mortgage, LLC"
644194,"AFL Mortgage, LLC"
644217,"AFL Mortgage, LLC"
644235,"AFL Mortgage, LLC"
644356,"AFL Mortgage, LLC"
644408,"AFL Mortgage, LLC"
645948,"AFL Mortgage, LLC"
644453,"AFL Mortgage, LLC"
644518,"AFL Mortgage, LLC"
644552,"AFL Mortgage, LLC"
644747,"AFL Mortgage, LLC"
644817,"AFL Mortgage, LLC"
645957,"AFL Mortgage, LLC"
646093,"AFL Mortgage, LLC"
646385,"AFL Mortgage, LLC"
2000026270,"AFL Mortgage, LLC"
2000026430,"AFL Mortgage, LLC"
646217,"AFL Mortgage, LLC"
646262,"AFL Mortgage, LLC"
646297,"AFL Mortgage, LLC"
646325,"AFL Mortgage, LLC"
646419,"AFL Mortgage, LLC"
646464,"AFL Mortgage, LLC"
9160078234,"AFL Mortgage, LLC"
2000026375,"AFL Mortgage, LLC"
9160078162,"AFL Mortgage, LLC"
9160078204,"AFL Mortgage, LLC"
9160078904,"AFL Mortgage, LLC"
2000026316,"AFL Mortgage, LLC"
2000026406,"AFL Mortgage, LLC"
2000026418,"AFL Mortgage, LLC"
625782,"AFL Mortgage, LLC"
625827,"AFL Mortgage, LLC"
625894,"AFL Mortgage, LLC"
626039,"AFL Mortgage, LLC"
626475,"AFL Mortgage, LLC"
626651,"AFL Mortgage, LLC"
626828,"AFL Mortgage, LLC"
627032,"AFL Mortgage, LLC"
627690,"AFL Mortgage, LLC"
9160079156,"AFL Mortgage, LLC"
646275,"AFL Mortgage, LLC"
646499,"AFL Mortgage, LLC"
644057,"AFL Mortgage, LLC"
644071,"AFL Mortgage, LLC"
644086,"AFL Mortgage, LLC"
644093,"AFL Mortgage, LLC"
9160079174,"AFL Mortgage, LLC"
650625,"AFL Mortgage 2, LLC"
682514,"AFL Mortgage 2, LLC"
2000021914,"AFL Mortgage, LLC"
682428,"AFL Mortgage 2, LLC"
2000021909,"AFL Mortgage, LLC"
2000021918,"AFL Mortgage, LLC"
2000021893,"AFL Mortgage, LLC"
2000021895,"AFL Mortgage, LLC"
682376,"AFL Mortgage 2, LLC"
2000021538,"AFL Mortgage, LLC"
2000021897,"AFL Mortgage, LLC"
2000021921,"AFL Mortgage, LLC"
2000021540,"AFL Mortgage, LLC"
2000021904,"AFL Mortgage, LLC"
2000021916,"AFL Mortgage, LLC"
2000021896,"AFL Mortgage, LLC"
2000021900,"AFL Mortgage, LLC"
2000021915,"AFL Mortgage, LLC"
2000021922,"AFL Mortgage, LLC"
2000021899,"AFL Mortgage, LLC"
2000021923,"AFL Mortgage, LLC"
2000021913,"AFL Mortgage, LLC"
2000021931,"AFL Mortgage, LLC"
2000021908,"AFL Mortgage, LLC"
2000021917,"AFL Mortgage, LLC"
2000021929,"AFL Mortgage, LLC"
2000021911,"AFL Mortgage, LLC"
2000021891,"AFL Mortgage, LLC"
2000021898,"AFL Mortgage, LLC"
2000021903,"AFL Mortgage, LLC"
2000021927,"AFL Mortgage, LLC"
2000025450,"AFL Mortgage, LLC"
2000021894,"AFL Mortgage, LLC"
2000026357,"AFL Mortgage, LLC"
2000025448,"AFL Mortgage, LLC"
2000026364,"AFL Mortgage, LLC"
2000023936,"AFL Mortgage, LLC"
2000024160,"AFL Mortgage, LLC"
682473,"AFL Mortgage 2, LLC"
682660,"AFL Mortgage 2, LLC"
682718,"AFL Mortgage 2, LLC"
682415,"AFL Mortgage 2, LLC"
682707,"AFL Mortgage 2, LLC"
682736,"AFL Mortgage 2, LLC"
2000021926,"AFL Mortgage, LLC"
2000021925,"AFL Mortgage, LLC"
682721,"AFL Mortgage 2, LLC"
2000021906,"AFL Mortgage, LLC"
2000021920,"AFL Mortgage, LLC"
2000026278,"AFL Mortgage, LLC"
644499,"AFL Mortgage, LLC"
2000026366,"AFL Mortgage, LLC"
